check,pandas_value,duckdb_value,passed
headline.institutions,1083.0,1083.0,True
headline.unique_institutions,1083.0,1083.0,True
headline.churn_labelled,1017.0,1017.0,True
headline.active_labelled,66.0,66.0,True
headline.churn_label_share_pct,93.90581717451524,93.90581717451524,True
headline.recorded_students,10213.0,10213.0,True
headline.recorded_teachers,846.0,846.0,True
headline.recorded_classes,1313.0,1313.0,True
headline.recorded_materials,108.0,108.0,True
student_band.0.count,737.0,737.0,True
student_band.0.churn,732.0,732.0,True
student_band.0.share,99.32157394843962,99.32157394843962,True
student_band.1-10.count,250.0,250.0,True
student_band.1-10.churn,240.0,240.0,True
student_band.1-10.share,96.0,96.0,True
student_band.11-50.count,46.0,46.0,True
student_band.11-50.churn,29.0,29.0,True
student_band.11-50.share,63.04347826086957,63.04347826086957,True
student_band.51+.count,50.0,50.0,True
student_band.51+.churn,16.0,16.0,True
student_band.51+.share,32.0,32.0,True
label.0,66.0,66.0,True
label.1,1017.0,1017.0,True
engagement.0.assessment_count.total,0.0,0.0,True
engagement.0.assessment_count.mean,0.0,0.0,True
engagement.0.assessment_count.median,0.0,0.0,True
engagement.0.assessment_count.p25,0.0,0.0,True
engagement.0.assessment_count.p75,0.0,0.0,True
engagement.0.assessment_count.positive_count,0.0,0.0,True
engagement.0.assessment_count.positive_share_pct,0.0,0.0,True
engagement.0.attendance_count.total,0.0,0.0,True
engagement.0.attendance_count.mean,0.0,0.0,True
engagement.0.attendance_count.median,0.0,0.0,True
engagement.0.attendance_count.p25,0.0,0.0,True
engagement.0.attendance_count.p75,0.0,0.0,True
engagement.0.attendance_count.positive_count,0.0,0.0,True
engagement.0.attendance_count.positive_share_pct,0.0,0.0,True
engagement.0.class_count.total,298.0,298.0,True
engagement.0.class_count.mean,4.515151515151516,4.515151515151516,True
engagement.0.class_count.median,3.0,3.0,True
engagement.0.class_count.p25,1.0,1.0,True
engagement.0.class_count.p75,7.75,7.75,True
engagement.0.class_count.positive_count,53.0,53.0,True
engagement.0.class_count.positive_share_pct,80.3030303030303,80.3030303030303,True
engagement.0.engagement_score.total,334.34000000000003,334.3399999999999,True
engagement.0.engagement_score.mean,5.065757575757576,5.065757575757575,True
engagement.0.engagement_score.median,0.035,0.035,True
engagement.0.engagement_score.p25,0.0,0.0,True
engagement.0.engagement_score.p75,0.615,0.615,True
engagement.0.engagement_score.positive_count,37.0,37.0,True
engagement.0.engagement_score.positive_share_pct,56.060606060606055,56.060606060606055,True
engagement.0.material_count.total,77.0,77.0,True
engagement.0.material_count.mean,1.1666666666666667,1.1666666666666667,True
engagement.0.material_count.median,0.0,0.0,True
engagement.0.material_count.p25,0.0,0.0,True
engagement.0.material_count.p75,1.0,1.0,True
engagement.0.material_count.positive_count,23.0,23.0,True
engagement.0.material_count.positive_share_pct,34.84848484848485,34.84848484848485,True
engagement.0.student_count.total,6819.0,6819.0,True
engagement.0.student_count.mean,103.31818181818181,103.31818181818181,True
engagement.0.student_count.median,60.5,60.5,True
engagement.0.student_count.p25,14.0,14.0,True
engagement.0.student_count.p75,157.75,157.75,True
engagement.0.student_count.positive_count,61.0,61.0,True
engagement.0.student_count.positive_share_pct,92.42424242424242,92.42424242424242,True
engagement.0.teacher_count.total,173.0,173.0,True
engagement.0.teacher_count.mean,2.621212121212121,2.621212121212121,True
engagement.0.teacher_count.median,1.0,1.0,True
engagement.0.teacher_count.p25,1.0,1.0,True
engagement.0.teacher_count.p75,1.0,1.0,True
engagement.0.teacher_count.positive_count,51.0,51.0,True
engagement.0.teacher_count.positive_share_pct,77.27272727272727,77.27272727272727,True
engagement.1.assessment_count.total,0.0,0.0,True
engagement.1.assessment_count.mean,0.0,0.0,True
engagement.1.assessment_count.median,0.0,0.0,True
engagement.1.assessment_count.p25,0.0,0.0,True
engagement.1.assessment_count.p75,0.0,0.0,True
engagement.1.assessment_count.positive_count,0.0,0.0,True
engagement.1.assessment_count.positive_share_pct,0.0,0.0,True
engagement.1.attendance_count.total,0.0,0.0,True
engagement.1.attendance_count.mean,0.0,0.0,True
engagement.1.attendance_count.median,0.0,0.0,True
engagement.1.attendance_count.p25,0.0,0.0,True
engagement.1.attendance_count.p75,0.0,0.0,True
engagement.1.attendance_count.positive_count,0.0,0.0,True
engagement.1.attendance_count.positive_share_pct,0.0,0.0,True
engagement.1.class_count.total,1015.0,1015.0,True
engagement.1.class_count.mean,0.9980334316617503,0.9980334316617503,True
engagement.1.class_count.median,0.0,0.0,True
engagement.1.class_count.p25,0.0,0.0,True
engagement.1.class_count.p75,1.0,1.0,True
engagement.1.class_count.positive_count,384.0,384.0,True
engagement.1.class_count.positive_share_pct,37.75811209439528,37.75811209439528,True
engagement.1.engagement_score.total,106.05,106.04999999999997,True
engagement.1.engagement_score.mean,0.10427728613569322,0.10427728613569319,True
engagement.1.engagement_score.median,0.0,0.0,True
engagement.1.engagement_score.p25,0.0,0.0,True
engagement.1.engagement_score.p75,0.0,0.0,True
engagement.1.engagement_score.positive_count,54.0,54.0,True
engagement.1.engagement_score.positive_share_pct,5.3097345132743365,5.3097345132743365,True
engagement.1.material_count.total,31.0,31.0,True
engagement.1.material_count.mean,0.03048180924287119,0.03048180924287119,True
engagement.1.material_count.median,0.0,0.0,True
engagement.1.material_count.p25,0.0,0.0,True
engagement.1.material_count.p75,0.0,0.0,True
engagement.1.material_count.positive_count,23.0,23.0,True
engagement.1.material_count.positive_share_pct,2.2615535889872174,2.2615535889872174,True
engagement.1.student_count.total,3394.0,3394.0,True
engagement.1.student_count.mean,3.337266470009833,3.337266470009833,True
engagement.1.student_count.median,0.0,0.0,True
engagement.1.student_count.p25,0.0,0.0,True
engagement.1.student_count.p75,1.0,1.0,True
engagement.1.student_count.positive_count,285.0,285.0,True
engagement.1.student_count.positive_share_pct,28.023598820058996,28.023598820058996,True
engagement.1.teacher_count.total,673.0,673.0,True
engagement.1.teacher_count.mean,0.6617502458210422,0.6617502458210422,True
engagement.1.teacher_count.median,0.0,0.0,True
engagement.1.teacher_count.p25,0.0,0.0,True
engagement.1.teacher_count.p75,1.0,1.0,True
engagement.1.teacher_count.positive_count,495.0,495.0,True
engagement.1.teacher_count.positive_share_pct,48.67256637168141,48.67256637168141,True
material.Materials recorded.count,46.0,46.0,True
material.Materials recorded.churn,23.0,23.0,True
material.No materials recorded.count,1037.0,1037.0,True
material.No materials recorded.churn,994.0,994.0,True
review.Positive score; all six counts zero,16.0,16.0,True
review.Materials recorded; score zero,5.0,5.0,True
review.Active label; no students recorded,5.0,5.0,True
review.Active label; no teacher or no class recorded,19.0,19.0,True
review.Active label; no materials recorded,43.0,43.0,True
